"id","Complété","Dernière page vue","Langue de départ","[Accroître les connaissances dans un domaine, indépendamment des bénéficies à court terme] 
	[Finalités-science] Quelles sont, selon vous, les finalités de la science ? Pour chaque énoncé, indiquez votre degré d’accord ou de désaccord.

	 ","[Améliorer la compétitivité de votre pays] 
	[Finalités-science] Quelles sont, selon vous, les finalités de la science ? Pour chaque énoncé, indiquez votre degré d’accord ou de désaccord.

	 ","[Soutenir les grandes entreprises présentes du pays] 
	[Finalités-science] Quelles sont, selon vous, les finalités de la science ? Pour chaque énoncé, indiquez votre degré d’accord ou de désaccord.

	 ","[Soutenir les petites et moyennes entreprises du pays] 
	[Finalités-science] Quelles sont, selon vous, les finalités de la science ? Pour chaque énoncé, indiquez votre degré d’accord ou de désaccord.

	 ","[Soutenir les pays en voie de développement] 
	[Finalités-science] Quelles sont, selon vous, les finalités de la science ? Pour chaque énoncé, indiquez votre degré d’accord ou de désaccord.

	 ","[Trouver des solutions concrètes aux problèmes de l'humanité] 
	[Finalités-science] Quelles sont, selon vous, les finalités de la science ? Pour chaque énoncé, indiquez votre degré d’accord ou de désaccord.

	 ","[Trouver des solutions concrètes aux problèmes de votre pays] 
	[Finalités-science] Quelles sont, selon vous, les finalités de la science ? Pour chaque énoncé, indiquez votre degré d’accord ou de désaccord.

	 ","[Aider au développement de nouveaux produits ] 
	[Finalités-science] Quelles sont, selon vous, les finalités de la science ? Pour chaque énoncé, indiquez votre degré d’accord ou de désaccord.

	 ","[Partager les connaissances et éduquer les personnes] 
	[Finalités-science] Quelles sont, selon vous, les finalités de la science ? Pour chaque énoncé, indiquez votre degré d’accord ou de désaccord.

	 ","[Contribuer à l'avancée des connaissances théoriques et fondamentales] 
	[Finalités-science] Quelles sont, selon vous, les finalités de la science ? Pour chaque énoncé, indiquez votre degré d’accord ou de désaccord.

	 ","[Produire des connaissances pour résoudre des problèmes pratiques] 
	[Finalités-science] Quelles sont, selon vous, les finalités de la science ? Pour chaque énoncé, indiquez votre degré d’accord ou de désaccord.

	 ","[Produire des connaissances pour résoudre des problèmes majeures pour la société] 
	[Finalités-science] Quelles sont, selon vous, les finalités de la science ? Pour chaque énoncé, indiquez votre degré d’accord ou de désaccord.

	 ","[Appliquer ces connaissances pour produire des technologies, des logiciels, de nouveaux matériaux] 
	[Finalités-science] Quelles sont, selon vous, les finalités de la science ? Pour chaque énoncé, indiquez votre degré d’accord ou de désaccord.

	 ","[Commercialiser les résultats de la recherche en produits et services] 
	[Finalités-science] Quelles sont, selon vous, les finalités de la science ? Pour chaque énoncé, indiquez votre degré d’accord ou de désaccord.

	 ","[Finalités-science] Avez-vous un commentaire ou une remarque supplémentaire ?","[Objectivité] 
	[Valeurs] Plusieurs principes ou valeurs devraient idéalement guider le travail des scientifiques. Dans quelle mesure les éléments suivants vous semblent-ils importants ?

	 ","[Rigueur] 
	[Valeurs] Plusieurs principes ou valeurs devraient idéalement guider le travail des scientifiques. Dans quelle mesure les éléments suivants vous semblent-ils importants ?

	 ","[Curiosité] 
	[Valeurs] Plusieurs principes ou valeurs devraient idéalement guider le travail des scientifiques. Dans quelle mesure les éléments suivants vous semblent-ils importants ?

	 ","[Originalité] 
	[Valeurs] Plusieurs principes ou valeurs devraient idéalement guider le travail des scientifiques. Dans quelle mesure les éléments suivants vous semblent-ils importants ?

	 ","[Honnêteté] 
	[Valeurs] Plusieurs principes ou valeurs devraient idéalement guider le travail des scientifiques. Dans quelle mesure les éléments suivants vous semblent-ils importants ?

	 ","[Transparence] 
	[Valeurs] Plusieurs principes ou valeurs devraient idéalement guider le travail des scientifiques. Dans quelle mesure les éléments suivants vous semblent-ils importants ?

	 ","[Utilité (des résultats de la recherche)] 
	[Valeurs] Plusieurs principes ou valeurs devraient idéalement guider le travail des scientifiques. Dans quelle mesure les éléments suivants vous semblent-ils importants ?

	 ","[Moralité (ne pas mener des études qui peuvent avoir des impacts négatifs sur l'humain ou l'environnement)] 
	[Valeurs] Plusieurs principes ou valeurs devraient idéalement guider le travail des scientifiques. Dans quelle mesure les éléments suivants vous semblent-ils importants ?

	 ","[Collaboration] 
	[Valeurs] Plusieurs principes ou valeurs devraient idéalement guider le travail des scientifiques. Dans quelle mesure les éléments suivants vous semblent-ils importants ?

	 ","[Persévérance] 
	[Valeurs] Plusieurs principes ou valeurs devraient idéalement guider le travail des scientifiques. Dans quelle mesure les éléments suivants vous semblent-ils importants ?

	 ","[Indépendance] 
	[Valeurs] Plusieurs principes ou valeurs devraient idéalement guider le travail des scientifiques. Dans quelle mesure les éléments suivants vous semblent-ils importants ?

	 ","[Sens du partage ] 
	[Valeurs] Plusieurs principes ou valeurs devraient idéalement guider le travail des scientifiques. Dans quelle mesure les éléments suivants vous semblent-ils importants ?

	 ","[Valeurs] Pensez-vous à d'autres principes essentiels qui n'ont pas été mentionnés ? Avez-vous un commentaire ou une remarque supplémentaire ?","[Définition] Quelles distinctions faites-vous entre la science et la recherche ?","[Exemple-chercheur] Pouvez-vous indiquer un chercheur ou une chercheuse connu(e) que vous considérez comme exemplaire en science ? ","[Principalement par les fonds publics, par le gouvernement avec un appui supplémentaire du secteur privé] [Financement] Différentes sources de financement sont possibles pour la recherche scientifique. Dans quelle mesure êtes-vous en accord avec les énoncés suivants qui proposent différentes modalités de financement ?","[De façon égale entre l’État et des investissements privés] [Financement] Différentes sources de financement sont possibles pour la recherche scientifique. Dans quelle mesure êtes-vous en accord avec les énoncés suivants qui proposent différentes modalités de financement ?","[Principalement par le secteur privé, l’État ne devrait que financer les sciences humaines et sociales. ] [Financement] Différentes sources de financement sont possibles pour la recherche scientifique. Dans quelle mesure êtes-vous en accord avec les énoncés suivants qui proposent différentes modalités de financement ?","[Uniquement par les fonds publics] [Financement] Différentes sources de financement sont possibles pour la recherche scientifique. Dans quelle mesure êtes-vous en accord avec les énoncés suivants qui proposent différentes modalités de financement ?","[Principalement par les fonds publics, par le gouvernement avec un appui supplémentaire de financement participatif] [Financement] Différentes sources de financement sont possibles pour la recherche scientifique. Dans quelle mesure êtes-vous en accord avec les énoncés suivants qui proposent différentes modalités de financement ?","[Financement] Avez-vous un commentaire ou une remarque supplémentaire ?","[Utiliser l'anglais est normal pour se faire comprendre par une majorité de chercheurs et chercheuses] [Langue-science] Dans quelle mesure êtes-vous en accord avec les énoncés suivants (de tout à fait en désaccord à tout à fait en accord) ?

	 ","[Écrire la science dans sa propre langue est nécessaire pour se faire comprendre de la plupart des personnes de son pays] [Langue-science] Dans quelle mesure êtes-vous en accord avec les énoncés suivants (de tout à fait en désaccord à tout à fait en accord) ?

	 ","[La protection de plusieurs langues est importante pour la diversité en science] [Langue-science] Dans quelle mesure êtes-vous en accord avec les énoncés suivants (de tout à fait en désaccord à tout à fait en accord) ?

	 ","[Publier dans sa propre langue est un désavantage pour sa recherche] [Langue-science] Dans quelle mesure êtes-vous en accord avec les énoncés suivants (de tout à fait en désaccord à tout à fait en accord) ?

	 ","[Langue-science] Avez-vous un commentaire ou une remarque supplémentaire ?","[Les chercheurs des pays du Nord et du Sud devraient coopérer davantage] [Science-interaction]  La recherche scientifique implique des relations avec des chercheurs et chercheuses d'autres pays et d'autres sphères sociales (industrie, société civile, administration publique). Dans quelle mesure êtes-vous en accord avec les énoncés suivants ?

	 ","[Les chercheurs et les entreprises/industries devraient coopérer davantage] [Science-interaction]  La recherche scientifique implique des relations avec des chercheurs et chercheuses d'autres pays et d'autres sphères sociales (industrie, société civile, administration publique). Dans quelle mesure êtes-vous en accord avec les énoncés suivants ?

	 ","[Il devrait y avoir plus de coordination scientifique entre les pays du Nord et du Sud] [Science-interaction]  La recherche scientifique implique des relations avec des chercheurs et chercheuses d'autres pays et d'autres sphères sociales (industrie, société civile, administration publique). Dans quelle mesure êtes-vous en accord avec les énoncés suivants ?

	 ","[La recherche dans les pays du Nord est importante pour les pays du Sud] [Science-interaction]  La recherche scientifique implique des relations avec des chercheurs et chercheuses d'autres pays et d'autres sphères sociales (industrie, société civile, administration publique). Dans quelle mesure êtes-vous en accord avec les énoncés suivants ?

	 ","[Dans mon pays, il devrait y avoir plus de personnes travaillant dans la recherche et le développement technologique] [Science-interaction]  La recherche scientifique implique des relations avec des chercheurs et chercheuses d'autres pays et d'autres sphères sociales (industrie, société civile, administration publique). Dans quelle mesure êtes-vous en accord avec les énoncés suivants ?

	 ","[Trop de chercheurs excellents quittent les pays du Sud pour aller dans les pays du Nord] [Science-interaction]  La recherche scientifique implique des relations avec des chercheurs et chercheuses d'autres pays et d'autres sphères sociales (industrie, société civile, administration publique). Dans quelle mesure êtes-vous en accord avec les énoncés suivants ?

	 ","[Il devrait y avoir plus de femmes en recherche] [Science-interaction]  La recherche scientifique implique des relations avec des chercheurs et chercheuses d'autres pays et d'autres sphères sociales (industrie, société civile, administration publique). Dans quelle mesure êtes-vous en accord avec les énoncés suivants ?

	 ","[Les chercheurs devraient être intéressés à breveter et valoriser le résultat de leur recherche ] [Science-interaction]  La recherche scientifique implique des relations avec des chercheurs et chercheuses d'autres pays et d'autres sphères sociales (industrie, société civile, administration publique). Dans quelle mesure êtes-vous en accord avec les énoncés suivants ?

	 ","[Il devrait avoir une aide plus importante pour développer des start-ups en science] [Science-interaction]  La recherche scientifique implique des relations avec des chercheurs et chercheuses d'autres pays et d'autres sphères sociales (industrie, société civile, administration publique). Dans quelle mesure êtes-vous en accord avec les énoncés suivants ?

	 ","[Les priorités de recherche dans les pays du Nord reflètent plus des intérêts personnels des chercheurs que des besoins de la société ] [Science-interaction]  La recherche scientifique implique des relations avec des chercheurs et chercheuses d'autres pays et d'autres sphères sociales (industrie, société civile, administration publique). Dans quelle mesure êtes-vous en accord avec les énoncés suivants ?

	 ","[Les citoyens devraient être plus concernés par les enjeux éthiques de la science contemporaine et des technologies] [Science-interaction]  La recherche scientifique implique des relations avec des chercheurs et chercheuses d'autres pays et d'autres sphères sociales (industrie, société civile, administration publique). Dans quelle mesure êtes-vous en accord avec les énoncés suivants ?

	 ","[Science-interaction] Avez-vous un commentaire ou une remarque supplémentaire ?","[Open Science] 
	Avec laquelle des expressions suivantes êtes-vous le plus à l’aise pour décrire les transformations actuelles de la science à l’ère du numérique (2 choix maximum) ?

	 

	 

	 ","[Science ouverte] 
	Avec laquelle des expressions suivantes êtes-vous le plus à l’aise pour décrire les transformations actuelles de la science à l’ère du numérique (2 choix maximum) ?

	 

	 

	 ","[Free Science ] 
	Avec laquelle des expressions suivantes êtes-vous le plus à l’aise pour décrire les transformations actuelles de la science à l’ère du numérique (2 choix maximum) ?

	 

	 

	 ","[Science libre] 
	Avec laquelle des expressions suivantes êtes-vous le plus à l’aise pour décrire les transformations actuelles de la science à l’ère du numérique (2 choix maximum) ?

	 

	 

	 ","[Open Research] 
	Avec laquelle des expressions suivantes êtes-vous le plus à l’aise pour décrire les transformations actuelles de la science à l’ère du numérique (2 choix maximum) ?

	 

	 

	 ","[e-Science] 
	Avec laquelle des expressions suivantes êtes-vous le plus à l’aise pour décrire les transformations actuelles de la science à l’ère du numérique (2 choix maximum) ?

	 

	 

	 ","[Science 2.0] 
	Avec laquelle des expressions suivantes êtes-vous le plus à l’aise pour décrire les transformations actuelles de la science à l’ère du numérique (2 choix maximum) ?

	 

	 

	 ","[Autre] 
	Avec laquelle des expressions suivantes êtes-vous le plus à l’aise pour décrire les transformations actuelles de la science à l’ère du numérique (2 choix maximum) ?

	 

	 

	 ","[terminolog- open science] Avez-vous un commentaire ou une remarque supplémentaire ?","[Etes-vous famillier avec le sujet de l'open science / la science ouverte ? ] [Familiarité-open science] Votre degré de familiarité avec l'open science / la science ouverte","[Familiarité- open science] Avez-vous un commentaire ou une remarque supplémentaire ?","[Des instituts de recherche (bibliothèques, laboratoires etc)] [Info-open science] D'où proviennent vos informations sur l'open science/la science ouverte ? Vous pouvez précisez dans l'encart correspondant à chaque ligne cochée.","[Commentaire] [Info-open science] D'où proviennent vos informations sur l'open science/la science ouverte ? Vous pouvez précisez dans l'encart correspondant à chaque ligne cochée.","[Des organismes de financement de la recherche] [Info-open science] D'où proviennent vos informations sur l'open science/la science ouverte ? Vous pouvez précisez dans l'encart correspondant à chaque ligne cochée.","[Commentaire] [Info-open science] D'où proviennent vos informations sur l'open science/la science ouverte ? Vous pouvez précisez dans l'encart correspondant à chaque ligne cochée.","[De discussions avec des bibliothécaires] [Info-open science] D'où proviennent vos informations sur l'open science/la science ouverte ? Vous pouvez précisez dans l'encart correspondant à chaque ligne cochée.","[Commentaire] [Info-open science] D'où proviennent vos informations sur l'open science/la science ouverte ? Vous pouvez précisez dans l'encart correspondant à chaque ligne cochée.","[D'entreprises ou de plateformes (éditeurs, plateforme scientifique en ligne, etc.)] [Info-open science] D'où proviennent vos informations sur l'open science/la science ouverte ? Vous pouvez précisez dans l'encart correspondant à chaque ligne cochée.","[Commentaire] [Info-open science] D'où proviennent vos informations sur l'open science/la science ouverte ? Vous pouvez précisez dans l'encart correspondant à chaque ligne cochée.","[De communautés en ligne (liste de discussions, réseaux sociaux, etc.)] [Info-open science] D'où proviennent vos informations sur l'open science/la science ouverte ? Vous pouvez précisez dans l'encart correspondant à chaque ligne cochée.","[Commentaire] [Info-open science] D'où proviennent vos informations sur l'open science/la science ouverte ? Vous pouvez précisez dans l'encart correspondant à chaque ligne cochée.","[De la lecture de blog, articles] [Info-open science] D'où proviennent vos informations sur l'open science/la science ouverte ? Vous pouvez précisez dans l'encart correspondant à chaque ligne cochée.","[Commentaire] [Info-open science] D'où proviennent vos informations sur l'open science/la science ouverte ? Vous pouvez précisez dans l'encart correspondant à chaque ligne cochée.","[De Wikipedia] [Info-open science] D'où proviennent vos informations sur l'open science/la science ouverte ? Vous pouvez précisez dans l'encart correspondant à chaque ligne cochée.","[Commentaire] [Info-open science] D'où proviennent vos informations sur l'open science/la science ouverte ? Vous pouvez précisez dans l'encart correspondant à chaque ligne cochée.","[Autre] [Info-open science] D'où proviennent vos informations sur l'open science/la science ouverte ? Vous pouvez précisez dans l'encart correspondant à chaque ligne cochée.","[Commentaire pour autre] [Info-open science] D'où proviennent vos informations sur l'open science/la science ouverte ? Vous pouvez précisez dans l'encart correspondant à chaque ligne cochée.","[Acteur-open science] Est-ce que vous vous considérez comme un acteur ou actrice de l'open science / la science ouverte ou un activiste ?","[acteur-open sciene] Avez-vous un commentaire ou une remarque sur la question ?","[Exemples-open science] Pouvez-vous citer 3 personnes qui vous semblent emblématiques de l'open science / la science ouverte ?","[Initiatives-open science] Pouvez-vous citer 3 à 5 initiatives qui vous semblent emblématiques de l'open science / la science ouverte ?","[Conf-open science] Pouvez-vous citer les conférences les plus importantes à vos yeux sur l'open science / la science ouverte ?","[Premier mot] 
	[Definition] Comment définiriez-vous l'open science / la science ouverte ?

	Notez les 4 mots (groupes de mots) qui vous viennent à l'esprit et triez-les selon leur degré d'importance : du plus important (1)  au moins important (4)","[Deuxième mot] 
	[Definition] Comment définiriez-vous l'open science / la science ouverte ?

	Notez les 4 mots (groupes de mots) qui vous viennent à l'esprit et triez-les selon leur degré d'importance : du plus important (1)  au moins important (4)","[Troisième mot] 
	[Definition] Comment définiriez-vous l'open science / la science ouverte ?

	Notez les 4 mots (groupes de mots) qui vous viennent à l'esprit et triez-les selon leur degré d'importance : du plus important (1)  au moins important (4)","[Quatrième mot] 
	[Definition] Comment définiriez-vous l'open science / la science ouverte ?

	Notez les 4 mots (groupes de mots) qui vous viennent à l'esprit et triez-les selon leur degré d'importance : du plus important (1)  au moins important (4)","Vous sentez-vous plus à l’aise avec l’expression science ouverte ou open science ? Cochez l'expression correspondante.","[Commentaire] Vous sentez-vous plus à l’aise avec l’expression science ouverte ou open science ? Cochez l'expression correspondante.","[Publication dans une revue en libre accès (journal open access) ] [Composant-open science] Dans quelle mesure ces élements sont représentatifs de l'open science / la science ouverte (de pas du tout représentatif à tout à fait représentatif) ?","[Dépôt d'un article dans une archive ouverte] [Composant-open science] Dans quelle mesure ces élements sont représentatifs de l'open science / la science ouverte (de pas du tout représentatif à tout à fait représentatif) ?","[Open Data (accès ouvert aux données de la recherche)] [Composant-open science] Dans quelle mesure ces élements sont représentatifs de l'open science / la science ouverte (de pas du tout représentatif à tout à fait représentatif) ?","[Evaluation ouverte par les pairs] [Composant-open science] Dans quelle mesure ces élements sont représentatifs de l'open science / la science ouverte (de pas du tout représentatif à tout à fait représentatif) ?","[Publication dans des espaces alternatifs comme les blogs et autres plateformes numériques] [Composant-open science] Dans quelle mesure ces élements sont représentatifs de l'open science / la science ouverte (de pas du tout représentatif à tout à fait représentatif) ?","[Logiciel libre et open source (Free Libre Open Source Software)] [Composant-open science] Dans quelle mesure ces élements sont représentatifs de l'open science / la science ouverte (de pas du tout représentatif à tout à fait représentatif) ?","[Fouille de texte et de données (text and data mining)] [Composant-open science] Dans quelle mesure ces élements sont représentatifs de l'open science / la science ouverte (de pas du tout représentatif à tout à fait représentatif) ?","[Science citoyenne (citizen science)] [Composant-open science] Dans quelle mesure ces élements sont représentatifs de l'open science / la science ouverte (de pas du tout représentatif à tout à fait représentatif) ?","[Science guidée par l'utilisation des données (data intensive science)] [Composant-open science] Dans quelle mesure ces élements sont représentatifs de l'open science / la science ouverte (de pas du tout représentatif à tout à fait représentatif) ?","[Métriques de la recherche (research metrics)] [Composant-open science] Dans quelle mesure ces élements sont représentatifs de l'open science / la science ouverte (de pas du tout représentatif à tout à fait représentatif) ?","[Évaluation de la qualité de la recherche (assessment of quality of research)] [Composant-open science] Dans quelle mesure ces élements sont représentatifs de l'open science / la science ouverte (de pas du tout représentatif à tout à fait représentatif) ?","[Systèmes de réputation altenatifs (alternative reputation systems)] [Composant-open science] Dans quelle mesure ces élements sont représentatifs de l'open science / la science ouverte (de pas du tout représentatif à tout à fait représentatif) ?","[Infrastructure de la recherche (research infrastructure)] [Composant-open science] Dans quelle mesure ces élements sont représentatifs de l'open science / la science ouverte (de pas du tout représentatif à tout à fait représentatif) ?","[Nouveaux espaces en recherche (biohackerspace, incubateur de biotech)] [Composant-open science] Dans quelle mesure ces élements sont représentatifs de l'open science / la science ouverte (de pas du tout représentatif à tout à fait représentatif) ?","[Inclusion de références aux savoirs oraux, traditionnels, pratiques] [Composant-open science] Dans quelle mesure ces élements sont représentatifs de l'open science / la science ouverte (de pas du tout représentatif à tout à fait représentatif) ?","[Dispositif de médiation science société (boutique de sciences, initiative art/science, conférence grand public, etc.)] [Composant-open science] Dans quelle mesure ces élements sont représentatifs de l'open science / la science ouverte (de pas du tout représentatif à tout à fait représentatif) ?","[Formats expérimentaux d’écriture scientifique] [Composant-open science] Dans quelle mesure ces élements sont représentatifs de l'open science / la science ouverte (de pas du tout représentatif à tout à fait représentatif) ?","[Utilisation des licences Creative Commons] [Composant-open science] Dans quelle mesure ces élements sont représentatifs de l'open science / la science ouverte (de pas du tout représentatif à tout à fait représentatif) ?","[Communication sur les réseaux sociaux (Facebook, Twitter, etc.)] [Composant-open science] Dans quelle mesure ces élements sont représentatifs de l'open science / la science ouverte (de pas du tout représentatif à tout à fait représentatif) ?","[Composant-open science] Souhaitez-vous préciser un autre élément représentatif de l'open science / la science ouverte pour vous ? Avez-vous un commentaire ou une remarque supplémentaire ?","[Dans quelle mesure êtes-vous familier avec l'utilisation d'outils numériques en recherche ( outils spécialisés différents de la suite bureautique) ? ] [Pratique numérique]","[Suivi-MOOC] Avez-vous déjà suivi un ou des MOOC auparavant?","[Moteur de recherche scientifique (PubMed, Cochrane, Google Scholar, etc.) ] 
	[Outils] Avez-vous déjà utilisé dans vos projets de recherche des méthodes, outils, logiciels ou technologies suivantes ?

	 ","[Outils de gestion bibliographique (Zotero, Mendeley, Papers, Shazino, CiteUlike, etc.)] 
	[Outils] Avez-vous déjà utilisé dans vos projets de recherche des méthodes, outils, logiciels ou technologies suivantes ?

	 ","[Outils d'écriture collaborative (Fiduswriter,ShareLaTex, Authorea, etc.) ] 
	[Outils] Avez-vous déjà utilisé dans vos projets de recherche des méthodes, outils, logiciels ou technologies suivantes ?

	 ","[Outils de partage d'échantillon (Addgene, ANtibody registery, etc.)] 
	[Outils] Avez-vous déjà utilisé dans vos projets de recherche des méthodes, outils, logiciels ou technologies suivantes ?

	 ","[Plateformes de management de donnée (DataverseNetwork, Dryad, Owncloud, etc.) ] 
	[Outils] Avez-vous déjà utilisé dans vos projets de recherche des méthodes, outils, logiciels ou technologies suivantes ?

	 ","[Plateformes de gestion de projet (Synapse, LabGuru etc.)] 
	[Outils] Avez-vous déjà utilisé dans vos projets de recherche des méthodes, outils, logiciels ou technologies suivantes ?

	 ","[Carnets de laboratoire en ligne (LabGuru, Hivebench, etc.)] 
	[Outils] Avez-vous déjà utilisé dans vos projets de recherche des méthodes, outils, logiciels ou technologies suivantes ?

	 ","[Plateformes de partage de code(Github, ROpenScience, ipython notebook, RunMyCode, etc.)] 
	[Outils] Avez-vous déjà utilisé dans vos projets de recherche des méthodes, outils, logiciels ou technologies suivantes ?

	 ","[Répertoires de protocole de recherche (OpenScienceFramework, Protocols, OpenWetWare, etc.) ] 
	[Outils] Avez-vous déjà utilisé dans vos projets de recherche des méthodes, outils, logiciels ou technologies suivantes ?

	 ","[Journaux en open access (elife, PLOS, PeerJ, GigaScience,F1000, etc.)] 
	[Outils] Avez-vous déjà utilisé dans vos projets de recherche des méthodes, outils, logiciels ou technologies suivantes ?

	 ","[Archives ouvertes (HAL, ArXiv)] 
	[Outils] Avez-vous déjà utilisé dans vos projets de recherche des méthodes, outils, logiciels ou technologies suivantes ?

	 ","[Plateformes de partage de données ou autres ressources scientifiques (Zenodo, Figshare, etc.)] 
	[Outils] Avez-vous déjà utilisé dans vos projets de recherche des méthodes, outils, logiciels ou technologies suivantes ?

	 ","[Identifiants numériques pour la recherche (ORCID,ResearcherID, idHAL, etc.)] 
	[Outils] Avez-vous déjà utilisé dans vos projets de recherche des méthodes, outils, logiciels ou technologies suivantes ?

	 ","[Plateformes d'évaluation par les pairs (PeerJ, Peerage of Science, etc.) ] 
	[Outils] Avez-vous déjà utilisé dans vos projets de recherche des méthodes, outils, logiciels ou technologies suivantes ?

	 ","[Altmetrics (Plum Analytics, Impact Story, etc.) ] 
	[Outils] Avez-vous déjà utilisé dans vos projets de recherche des méthodes, outils, logiciels ou technologies suivantes ?

	 ","[Blogs et plateformes de communication (Wordpress, tumblr, c@fé des sciences, etc.)] 
	[Outils] Avez-vous déjà utilisé dans vos projets de recherche des méthodes, outils, logiciels ou technologies suivantes ?

	 ","[Plateformes de financement participatif (Petridish, Experiment, etc.)] 
	[Outils] Avez-vous déjà utilisé dans vos projets de recherche des méthodes, outils, logiciels ou technologies suivantes ?

	 ","[Réseaux sociaux scientifiques (Academia, ResearchGate, MyScienceWork, etc.)] 
	[Outils] Avez-vous déjà utilisé dans vos projets de recherche des méthodes, outils, logiciels ou technologies suivantes ?

	 ","[Réseaux sociaux généralistes (Facebook, Twitter, Linkedin, etc.)] 
	[Outils] Avez-vous déjà utilisé dans vos projets de recherche des méthodes, outils, logiciels ou technologies suivantes ?

	 ","[Plateformes de science citoyenne (Folding@home, zooniverse, SciStarter, Foldit, CitizenCyberScience, etc.)] 
	[Outils] Avez-vous déjà utilisé dans vos projets de recherche des méthodes, outils, logiciels ou technologies suivantes ?

	 ","[Outils] Souhaitez-vous préciser un autre outil ? Avez-vous un commentaire ou une remarque supplémentaire ?","[Fréquence] Mis à part ce MOOC, à quelle fréquence utilisez-vous des méthodes, outils, technologies numériques dans vos pratiques de recherche ?","[comment-fréquence] Avez-vous une remarque ou un commentaire sur la question ?","[Connaissance des logiciels libres et open source (FLOSS)] [Code-FLOSS] Dans quelle mesure êtes-vous familier avec les éléments suivants ? (de pas du tout familier à tout à fait familier)","[Connaissance de la programmation ] [Code-FLOSS] Dans quelle mesure êtes-vous familier avec les éléments suivants ? (de pas du tout familier à tout à fait familier)","[Connaissance des licences Creative Commons] [Code-FLOSS] Dans quelle mesure êtes-vous familier avec les éléments suivants ? (de pas du tout familier à tout à fait familier)","[comment-FLOSS] Avez-vous une remarque ou un commentaire sur la question ?","[Windows OS] Quels sont votre système d'exploitation et votre suite bureautique ?","[Commentaire] Quels sont votre système d'exploitation et votre suite bureautique ?","[MACOS] Quels sont votre système d'exploitation et votre suite bureautique ?","[Commentaire] Quels sont votre système d'exploitation et votre suite bureautique ?","[Linux ] Quels sont votre système d'exploitation et votre suite bureautique ?","[Commentaire] Quels sont votre système d'exploitation et votre suite bureautique ?","[Suite bureautique libre ou open source (Open Office, Free Office, etc.)] Quels sont votre système d'exploitation et votre suite bureautique ?","[Commentaire] Quels sont votre système d'exploitation et votre suite bureautique ?","[Microsoft Office] Quels sont votre système d'exploitation et votre suite bureautique ?","[Commentaire] Quels sont votre système d'exploitation et votre suite bureautique ?","[iWork (suite Mac)] Quels sont votre système d'exploitation et votre suite bureautique ?","[Commentaire] Quels sont votre système d'exploitation et votre suite bureautique ?","[Je ne sais pas de quoi il s'agit] Quels sont votre système d'exploitation et votre suite bureautique ?","[Commentaire] Quels sont votre système d'exploitation et votre suite bureautique ?","[Autre] Quels sont votre système d'exploitation et votre suite bureautique ?","[Commentaire pour autre] Quels sont votre système d'exploitation et votre suite bureautique ?","[Données (brutes, secondaires, etc.)] [Pratiques-open science] Sous quelles conditions avez-vous déjà partagé des ressources scientifiques ?","[Protocole de recherche (sondage, protocole expérimental, etc.] [Pratiques-open science] Sous quelles conditions avez-vous déjà partagé des ressources scientifiques ?","[Scripts (code, logiciel, analyse)] [Pratiques-open science] Sous quelles conditions avez-vous déjà partagé des ressources scientifiques ?","[Articles évalués par les pairs] [Pratiques-open science] Sous quelles conditions avez-vous déjà partagé des ressources scientifiques ?","[Pratiques-open science] Souhaitez-vous préciser d'autres éléments ? Avez-vous un commentaire ou une remarque supplémentaire ? ","Temps total :","Durée pour le groupe : Vos conceptions à propos de la science et de la recherche","Durée pour la question: finalites","Durée pour la question: Comment-finalites","Durée pour la question: valeurs","Durée pour la question: comment-valeur","Durée pour la question: def-science","Durée pour la question: exemple-chercheur","Durée pour la question: economie","Durée pour la question: comment-economie","Durée pour la question: langue","Durée pour la question: comment-langue","Durée pour la question: interaction","Durée pour la question: comment-interaction","Durée pour le groupe : Vos connaissances sur l'open science / la science ouverte","Durée pour la question: terminologie-os","Durée pour la question: comment-terminologie","Durée pour la question: connaissance-os","Durée pour la question: comment-conn-os","Durée pour la question: info-os","Durée pour la question: acteur-os","Durée pour la question: comment-acteur-os","Durée pour la question: exemples-act-os","Durée pour la question: exemples-init-os","Durée pour la question: exemples-conf-os","Durée pour le groupe : Votre définition de l'open science/ la science ouverte","Durée pour la question: def-os","Durée pour la question: traduction-os","Durée pour la question: elements-os","Durée pour la question: comment-element-os","Durée pour le groupe : Vos pratiques de recherche (numérique et ouverte)","Durée pour la question: num-pratique","Durée pour la question: Suivi MOOC","Durée pour la question: num-outils","Durée pour la question: comment-num-outils","Durée pour la question: num-freq","Durée pour la question: comment-freq","Durée pour la question: FLOS-pratique","Durée pour la question: comment-FLOSS","Durée pour la question: Outils","Durée pour la question: os-pratique","Durée pour la question: comment-os-pratique"
"2","2015-10-26 17:10:51","4","fr","2","3","3","4","4","4","4","4","4","4","4","4","3","2","","3","3","4","4","3","3","4","3","4","4","3","3","","aucune","Yamanaka, Haruko Obokata","4","3","2","2","3","","4","4","3","4","","4","4","4","3","3","0","4","4","4","3","4","","Y","","","","","","","","","3","","Y","","","","Y","","","","Y","","","","Y","","","","N","","non","loi en cours","","importante","enrichisante","reflexive","équitable","2","","4","4","4","4","3","4","4","4","4","4","4","1","1","3","4","4","3","3","4","","3","2","1","1","1","0","0","0","0","0","0","0","1","2","0","0","0","1","2","1","1","0","","5","","1","1","1","","Y","","","","","","","","Y","","","","","","","","0","0","0","0","","934.34","538.7","0","0","0","0","0","0","0","0","0","0","0","0","94.67","0","0","0","0","0","0","0","0","0","0","128.77","0","0","0","0","172.2","0","0","0","0","0","0","0","0","0","0","0"
"3","2015-10-26 17:25:42","4","fr","3","3","2","2","3","3","2","2","4","4","4","4","4","3","","4","3","4","2","3","2","4","3","4","3","2","4","","la science est un domaine dans lequel on peut faire beaucoup de chose dont de la recherche mais aussi de l'application (ou autre) 

la recherche est une ""méthode"" ""technique"" façon de se pauseer des question, de se donner des méthodes pour trouver des méthode et diffuser les résultats pour continuer a avancer dans la compréhension d'un domaine","non","4","4","1","1","2","Dans un monde utopique, pour moi, la nature du financement ne devrait pas influencer la recherche. Ceux qui financent sont ceux qui se pause des questions ou qui soutiennent un domaine. Que ce soit des industriels ou l'état le résultats devrait être le même. La seule chose c'est que lorsque le financement est privé la communication sera différente. Et dans l'idée il faudrait communiquer ""un maximum"" pour éviter de perdre du temps a refaire les meme erreur ou se poser des question où il y a déjà des réponses.","4","4","2","1","Ecrire dans ça langue, pourquoi pas , surtout pur vulgariser. Par contre pour moi l'anglais est indispensable pour que ces recherches ne soient pas en vain.","3","4","3","0","3","0","0","3","3","0","4","En santé il y a beaucoup de femmes qui font la recherche....

faire des coopération ça peut être long, il faut un but pertinent pour coopérer","Y","","","","Y","","","","","1","","","","","","","","","","","","","","","","","","","","","","","partage","exponentiel","ouverture",".","2","l'anglais est la langue des sciences","","","","","","","","","","","","","","","","","","","","","3","2","1","1","1","2","2","2","2","2","2","1","1","1","2","2","2","1","2","1","2","2","","4","je fais ça preques naturellement. c'est des habitudes","1","2","1","","","","","","","","Y","","Y","","","","","","","","4","4","4","0","","1267.81","828.98","0","0","0","0","0","0","0","0","0","0","0","0","92.62","0","0","0","0","0","0","0","0","0","0","140","0","0","0","0","206.21","0","0","0","0","0","0","0","0","0","0","0"
"4","2015-10-26 17:39:20","4","fr","4","1","2","2","2","4","2","2","4","4","3","4","3","1","","3","3","4","3","4","4","2","4","4","3","4","3","Esthétique","La Science définit un projet humain d'aboutir à une description inter-subjective de nos connaissances du monde, le tout avec des critères de falsifiabilité et de réplicabilité. La Recherche concerne les pratiques et savoir-faires liées à ce projet.","Francisco Varela","3","2","1","1","4","","3","4","4","3","","4","2","3","3","3","3","4","1","2","2","4","","Y","Y","","","","","","","","4","","","","Y","Comission Européenne","","","","","Y","facebook, twitter","Y","hackyourphd","","","","","Y","","Aaron Swartz, Michael Eisen, Stephen Friend","Center for Open Science, PLoS, Open Knowledge Foundation, Wikipédia, HackYourPhD","OpenCon","Accessibilité","Transparence","Reproductibilité","Ethique","2","Cela dépends de l'auditoire mais globalement Open Science permet d'être compris du plus grand nombre.","4","4","4","4","4","4","2","4","2","3","3","1","2","4","3","3","3","3","2","","4","2","1","1","1","2","2","1","2","1","1","1","1","1","1","2","1","1","1","1","1","1","Virtualisation logiciel (Docker/Vagrant)?","5","","4","4","4","","","","Y","","Y","","Y","","Y","","","","","","","","4","4","1","1","","1581.13","770.24","0","0","0","0","0","0","0","0","0","0","0","0","482.17","0","0","0","0","0","0","0","0","0","0","134.67","0","0","0","0","194.05","0","0","0","0","0","0","0","0","0","0","0"
"5","2015-10-26 18:49:44","4","fr","4","3","3","3","4","4","4","4","4","4","4","4","4","3","les réponses peuvent varier suivant qu'il s'agisse de science financée par des fonds publics ou privés.","4","4","4","3","4","4","3","3","3","4","4","3","","la science (ou plutot les sciences) est une discipline, au même titre que la litterature par exemple. La recherche est une action qui peut s'appliquer à différentes discipline. Selon cette définition, mes réponses précédentes portent sur la recherche plus que sur la science.","Albert Jacquard","4","2","1","2","4","La recherche privée ne financera jamais que des recherches appliquées à moyen terme. Tout le reste (fondamental, compréhension des phénomènes, sans débouchés visibles) ne pourra être mené que par du public/participatif. Ce qui ne veut pas dire qu'il faut laisser tout ce qui peut être rentable à moyen terme au privé ...","4","3","0","4","point 3 : je suis tout à fait d'accord, mais c'est dommage.","4","4","4","4","4","0","0","4","3","1","4","au sujet des brevets et valorisation : les chercheurs devraient surtout etre incités à valoriser AUTREMENT le résultat de leur recherche que par des publications scientifiques (vulgarisation, transfert, transfert vers acteurs économiques, expertises...).","Y","","","","","","","","","2","","","","","","","","","","","","","","","","","","","","","","","gratuit","ouvert à tous","collaboratif","reproduction","2","","","","","","","","","","","","","","","","","","","","","","2","2","1","2","2","2","2","2","2","0","2","1","2","2","2","2","0","2","2","2","1","2","","2","","2","1","2","","Y","","","","","","","","Y","","","","","","","","4","4","0","0","","1998.81","1476.38","0","0","0","0","0","0","0","0","0","0","0","0","43.99","0","0","0","0","0","0","0","0","0","0","237.02","0","0","0","0","241.42","0","0","0","0","0","0","0","0","0","0","0"
"6","2015-10-26 19:10:22","4","fr","4","3","3","3","3","4","4","3","4","4","4","4","4","1","","4","4","4","3","4","4","4","4","3","3","4","4","","La recherche est l'utilisation de la science pour en repousser les limites et découvrir certains domaines sous de nouveaux aspects.","Stephen Hawking","3","2","1","4","3","","1","4","4","1","","4","2","4","2","4","4","4","2","4","1","4","","Y","","","","","","","","","3","","","","","","","","","","","","","","","","Université, Nathalie  Kosciusko-Morizet en son temps en parlait aussi","","N","","Jean-Claude Guédon, Stevan Harnad, Paul Ginsparg","non","non","libre","échange","communauté","recherche","2","Encore un effet de l'anglicisation de notre époque.","4","4","4","4","4","4","4","4","4","0","4","4","0","4","4","4","4","4","2","","2","2","2","2","2","2","2","2","2","1","2","2","2","2","2","2","2","1","2","1","1","2","","2","","1","3","3","","","","","","","","Y","LibreOffice","","","","","","","","","0","0","0","0","","1228.79","425.16","0","0","0","0","0","0","0","0","0","0","0","0","466.68","0","0","0","0","0","0","0","0","0","0","160.73","0","0","0","0","176.22","0","0","0","0","0","0","0","0","0","0","0"
"7","2015-10-26 19:28:41","4","fr","4","4","2","4","4","4","4","4","4","4","4","4","4","0","non","4","4","4","2","4","4","2","4","4","4","4","4","non","la science est le savoir qu'on détient
la recherche le chemin qui mène vers ce savoir","Marie Curie
Jean Tirole","3","2","2","3","3","non","3","3","4","2","non","4","4","4","1","4","4","4","0","4","0","4","non","","","","","","Y","","big data","non","1","non","","","","","","","","","","","","","","","","","","","","","","données","corrélation","innovation","recherche","1","tout simplement parce que c'est en français...","","","","","","","","","","","","","","","","","","","","non","4","1","1","0","0","0","2","0","0","1","0","0","0","0","0","0","0","1","2","0","1","0","non","5","non","3","4","1","non","Y","","","","Y","","Y","","","","","","","","","","0","0","4","0","non","595.25","275.63","0","0","0","0","0","0","0","0","0","0","0","0","34.94","0","0","0","0","0","0","0","0","0","0","76.77","0","0","0","0","207.91","0","0","0","0","0","0","0","0","0","0","0"
"8","2015-10-26 19:39:39","4","fr","4","4","0","4","4","4","4","4","0","4","4","4","4","4","","4","4","4","4","4","4","4","4","4","3","4","4","","","LOUIS PASTEUR","3","4","1","1","1","","4","2","3","4","","4","4","4","3","4","4","0","4","4","1","4","","","","","","Y","Y","","","","2","","","","","","","","","","","","","","","","","","","","","","","recherche","scientifique","accessible","monde","2","","","","","","","","","","","","","","","","","","","","","","4","2","1","2","2","2","2","2","2","2","2","1","1","2","2","2","2","2","2","2","1","2","","4","","3","2","2","","Y","","","","","","","","Y","","","","","","","","0","0","0","4","","925.9","460.03","0","0","0","0","0","0","0","0","0","0","0","0","86.79","0","0","0","0","0","0","0","0","0","0","154.62","0","0","0","0","224.46","0","0","0","0","0","0","0","0","0","0","0"
"9","","2","fr","1","4","4","0","1","4","1","1","1","4","4","4","4","4","C'est bien et avantagé pour le pays developés où l'internet c'est un mode de vie courant sans difficultés","4","4","1","1","4","4","4","4","4","4","1","4","l'expension de la science","","","4","4","1","1","4","","4","4","1","4","","4","4","4","1","4","1","1","4","4","4","4","","","","","","","","","","","","","","","","","","","","","","","","","","","","","","","","","","","","","","","","","","","","","","","","","","","","","","","","","","","","","","","","","","","","","","","","","","","","","","","","","","","","","","","","","","","","","","","","","","","","","","","","","","","","","","771.19","771.19","0","0","0","0","0","0","0","0","0","0","0","0","0","0","0","0","0","0","0","0","0","0","0","0","0","0","0","0","0","0","0","0","0","0","0","0","0","0","0","0"
"10","2015-10-26 23:06:10","4","fr","4","2","2","2","3","3","2","3","4","4","4","4","3","2","","3","4","4","3","4","4","3","4","4","3","4","4","","La même distinction qu'entre le web et internet. La science n'est qu'une ossature que la recherche nourrit et anime.","Non","4","4","1","4","4","","3","4","4","3","","4","3","4","0","4","0","0","3","2","0","4","","Y","","","","","","","","","2","","","","","","","","","","","","","","","","","","","","","","","Collaboration","Réseau","Accessibilité","Liberté","2","","","","","","","","","","","","","","","","","","","","","","3","0","1","1","2","0","1","2","0","2","0","1","0","2","0","0","0","2","2","1","1","0","Un mind mapper?","5","","3","2","4","","","","","","Y","Ubuntu","Y","Libre office","","","","","","","","","4","3","4","1","","2301.69","1361.51","0","0","0","0","0","0","0","0","0","0","0","0","72.93","0","0","0","0","0","0","0","0","0","0","327.74","0","0","0","0","539.51","0","0","0","0","0","0","0","0","0","0","0"
"11","2015-10-27 07:24:52","4","fr","4","3","4","2","4","2","2","4","4","4","3","2","3","1","","3","3","2","2","3","4","2","3","4","3","4","4","","","Charpack","4","1","1","2","4","","3","4","4","4","","4","2","4","4","3","4","3","1","2","4","4","","Y","","","","","","","","","3","","","","","","","","Y","","Y","","Y","","","","","","N","","","","","accessible à tous","lisible","financement transparent","garantie des chercheurs","1","","4","4","4","3","4","3","4","4","3","2","3","0","3","2","2","4","0","4","3","","2","2","0","0","1","0","0","2","0","0","0","2","0","0","0","0","0","2","2","2","2","0","","2","","1","2","3","","Y","","","","","","","","","","","","","","","","0","0","0","0","","650.32","263.7","0","0","0","0","0","0","0","0","0","0","0","0","56.98","0","0","0","0","0","0","0","0","0","0","152.71","0","0","0","0","176.93","0","0","0","0","0","0","0","0","0","0","0"
"12","2015-10-27 10:29:02","4","fr","4","4","2","1","4","4","4","4","4","4","4","4","4","3","","4","4","4","4","4","4","4","4","4","4","4","4","","la recherche est dans la science et cela est un processus rigoureux qui nous permet à aboutir aux évidences pouvant faire partie de la science","Newton","4","1","1","1","4","","1","4","4","4","","4","4","4","3","4","4","0","3","1","4","4","","","Y","","Y","","","","","","2","","","","","","","","","","","","","","","","","","","","","","","accés","universalité","connexion","partager","1","","","","","","","","","","","","","","","","","","","","","","2","2","2","2","2","2","2","2","0","0","0","0","0","0","0","0","0","0","0","0","1","0","","3","","1","2","1","","Y","","","","","","","","Y","","","","","","","","0","0","0","0","","1263.65","495.42","0","0","0","0","0","0","0","0","0","0","0","0","64.8","0","0","0","0","0","0","0","0","0","0","76.85","0","0","0","0","626.58","0","0","0","0","0","0","0","0","0","0","0"
"13","2015-10-27 12:54:09","4","fr","4","3","3","3","3","4","4","3","4","4","3","4","3","3","non","3","4","4","3","4","3","3","3","3","4","4","3","ouverture à l'interdisciplinité et reflexion épistémologique","La sciences est un domaine particulier (avec son histoire, son langage et ses méthodes) de la recherche. Un artiste peut par exemple faire des recherche plastiques dans son travail de création.","présentement aucun nom ne me vient...","4","2","2","2","3","","3","3","3","3","non","4","3","3","3","4","3","4","3","3","3","4","non","","","","","Y","","Y","","non","2","non","","","","","","","","","","","","","","","","","","","","","","ouverture","numérique","collaborative","internationale","2","Car les expressions avec ""open"" sont plus courantes sur les outils numériques","","","","","","","","","","","","","","","","","","","","non","2","0","1","2","1","2","2","2","2","2","2","2","1","2","2","2","2","1","2","2","1","2","non","4","non","2","1","2","non","","","Y","","","","","","","","Y","","","","","","0","0","0","0","non","1321.82","947","0","0","0","0","0","0","0","0","0","0","0","0","45.92","0","0","0","0","0","0","0","0","0","0","143.44","0","0","0","0","185.46","0","0","0","0","0","0","0","0","0","0","0"
"14","2015-10-27 17:12:44","4","fr","4","3","2","2","3","4","3","4","4","3","4","4","4","3","","3","4","4","3","4","3","3","3","4","3","1","4","Fiabilité des résultats, confiance","La science c'est de la culture générale. On l'apprend en lisant par exemple. C'est plutôt passif alors que la recherche, on se pose des questions, on fait des expériences et on en tire nos conclusions. La recherche est plus actif.Elle se pratique.","Je n'ai pas assez d'expérience dans le domaine pour en cité. Mais je choisirai une personne qui aura proposé une solution pour un des problèmes majeur de la société tels que trouver de nouvelles sources d'énergies ou changer drastiquement nos pratiques pour évaluer et traiter la contamination de l'environnement. Une personne qui contribuera au développement durable.","3","3","2","1","2","Tout dépend de la finalité du projet à financer. Si c'est pour développer un produit à forte valeur commerciale tels qu'un nouveau type de batterie, se sera plutôt un financement privé. Sinon, tous le monde peu participer au financement d'un projet même les particuliers (financement participatif)","4","2","2","3","L'anglais est la langue la plus couramment utilisée pour les publications. Ecrire en anglais permet alors de pouvoir partager avec un plus grand nombre nos travaux de recherche. Mais écrire dans la langue de notre pays, permettrait également aux moins expérimentés de se cultiver (jeunes étudiants/collège-lycée/population générale). La science est faite pour être partagée, pour faire avancer les travaux de recherche mais également instruire/prévenir la population des avancés.","0","3","0","0","0","0","2","3","0","3","2","Pour les citoyens, le choix leur appartient. Concernant les différences entre pays du Nord et du Sud, je ne connais pas réellement la situation et ne donc pas statuer. Pour moi, un chercheur est définit par ces capacités à faire de la recherche et non par son sexe.  Il est vrai qu'il y a plus d'hommes que de femmes mais cela est surement lié à la maternité. Je ne vois rien de choquant. Pour ce qui concerne l'augmentation de personnes qui travaillent dans la R&D, tous dépend de la disponibilité des financements. On ne va pas encourager un pays à faire de la recherche pour la technologie alors qu'il a des difficultés à nourrir sa population. Je favoriserai plutôt l'agriculture et l'élevage.","Y","","","","","Y","","","","2","","","","","","","","","","","","","","","","","","","","","","","partage","accessibilité","uniformité","progrès/ recherche orientée ou réfléchit","2","","","","","","","","","","","","","","","","","","","","","","3","2","1","1","0","0","0","0","0","0","0","2","1","0","0","1","0","0","2","1","1","0","","4","","1","1","1","","Y","","","","","","Y","","Y","","","","","","","","4","4","4","0","","3907.78","2897.43","0","0","0","0","0","0","0","0","0","0","0","0","87.86","0","0","0","0","0","0","0","0","0","0","298.05","0","0","0","0","624.44","0","0","0","0","0","0","0","0","0","0","0"
"15","2015-10-27 20:34:45","4","fr","4","1","0","0","0","0","0","4","3","4","4","4","4","3","","4","4","4","1","4","4","1","1","4","4","4","4","","Science: matière généraliste à destination du plus grand nombre, de la connaissance pour tous.
Recherche: avancée de pointe de la science, mais destinée à une poignet de personnes, à la pointe.","Stephen Hawking","2","4","1","1","2","","1","1","4","2","","0","4","0","4","4","0","0","2","4","1","4","","Y","Y","","","","","","","","3","","","","","","","","Y","MOOC","","","","","","","","","N","","Non...","Non, désolé.","Non..","Avancée","Partage","Mondialisation","Gratuité","1","","4","4","4","4","4","4","4","4","4","4","2","0","4","4","4","4","4","0","1","","2","2","2","2","2","2","2","2","2","2","2","2","2","2","2","2","2","2","2","2","2","2","","4","","1","1","1","","Y","","","","","","","","Y","","","","","","","","0","0","0","0","","1309.31","613.96","0","0","0","0","0","0","0","0","0","0","0","0","136.35","0","0","0","0","0","0","0","0","0","0","166.94","0","0","0","0","392.06","0","0","0","0","0","0","0","0","0","0","0"
"16","2015-10-28 20:14:54","4","fr","4","2","3","2","2","4","3","2","4","4","3","3","3","2","","4","4","4","2","4","4","1","2","4","3","4","4","transmission de la connaissance","La recherche est plus générale. La science est plus une méthode et l'énoncée de théories","Bohr, Newton, Eddison, Bell","4","2","1","3","2","Financement privé déconnecté du sujet de recherche (cotisation à un fond commun)","4","3","3","4","","4","4","4","2","3","4","4","1","3","4","0","","","","","","Y","","Y","","","1","","","","","","","","","","","","","","","","","","","","","","","science","partage","gratuit","diffusion","1","","","","","","","","","","","","","","","","","","","","","","4","2","1","2","2","2","2","2","2","1","2","2","2","2","2","2","2","1","2","1","1","2","","3","","4","4","4","","Y","","","","Y","","Y","","Y","","","","","","","","0","0","1","4","","1214.43","779.42","0","0","0","0","0","0","0","0","0","0","0","0","73.65","0","0","0","0","0","0","0","0","0","0","118.07","0","0","0","0","243.29","0","0","0","0","0","0","0","0","0","0","0"
"17","2015-10-29 06:40:44","4","fr","4","4","4","4","3","3","3","4","4","4","4","4","4","3","","4","4","4","3","4","4","4","4","4","4","3","4","","La science s'inscrit dans une discpline, la recherche est transdisciplinaire","Edgar Morin","3","3","2","1","2","","3","4","2","2","","4","0","4","3","3","3","3","3","4","2","0","","","Y","","","","Y","","","","2","","","","","","","","","","","","","","","","","","","","","","","partage","libre","collaboratif","données sécurisées","1","","","","","","","","","","","","","","","","","","","","","","3","1","1","1","2","2","2","2","2","2","2","2","1","2","2","2","2","1","2","1","1","2","","2","","1","1","1","","","","Y","","","","","","Y","","","","","","","","0","4","0","4","","1531.9","462.31","0","0","0","0","0","0","0","0","0","0","0","0","36.34","0","0","0","0","0","0","0","0","0","0","84.81","0","0","0","0","948.44","0","0","0","0","0","0","0","0","0","0","0"
"18","2015-10-29 14:20:19","4","fr","4","4","3","4","4","4","4","4","4","4","4","4","4","3","","4","4","4","4","4","4","3","3","3","4","3","4","intuition, réflexion, recul","-découverte
-innovation
-réflexion visionnaire
-dépassement
-remise en question des dogmes","Louis Pasteur","4","4","1","1","2","Utopiquement, la recherche scientifique devrait mieux s'auto-financer (dépôts de brevets, création de start-up...)","4","2","2","1","La traduction de travaux scientifiques a pour conséquence des pertes de sens et d'essence de leur contenu. Une langue universelle dédiée à la communication scientifique me paraît évidente.","4","4","4","4","4","4","4","4","4","2","4","","","Y","","","","","","Sciences pour tous","","3","","Y","","","","","","Y","","Y","","Y","","Y","","tutoriels commerciaux","","Y","","Albert Jacquard
Bill Gates
Jamy Gourmaud","-Forums CNRS (ex ""que reste-t-il à découvrir ?)
- MOOCs disponibles sur France Université Numérique
- Exposition à thèmes des muséums de sciences naturelles ou des parcs thématiques (ex Cité de L'Espace à Toulouse)
-Wikipédia
-Google Scholar","Forums CNRS (ex ""que reste-t-il à découvrir ?)","curiosité","besoin de comprendre","collectif","partage","1","","4","4","4","4","3","4","3","4","4","4","4","4","4","4","3","4","4","3","3","","4","2","1","2","2","1","2","2","2","2","1","1","1","2","2","2","2","2","2","2","1","2","","3","","2","2","2","","Y","","","","","","Y","","Y","","","","","","","","4","4","4","0","","1966.89","913.87","0","0","0","0","0","0","0","0","0","0","0","0","614.88","0","0","0","0","0","0","0","0","0","0","185.58","0","0","0","0","252.56","0","0","0","0","0","0","0","0","0","0","0"
"19","2015-10-29 19:05:53","4","fr","4","4","4","4","1","4","4","4","4","4","4","4","4","1","","4","4","4","4","4","4","4","4","4","3","0","4","","la science inclut le recherche.","Donald Knuth.","4","3","3","1","1","","4","1","4","3","","4","4","4","2","4","4","4","3","4","1","4","","","","","Y","Y","","","","","1","","","","","","","","","","","","","","","","","","","","","","","accessibilité","échange","partage","coopération","2","","","","","","","","","","","","","","","","","","","","","","4","2","1","1","2","2","2","2","2","2","2","2","1","2","2","2","2","2","2","1","2","2","","3","","2","4","3","","Y","","","","","","","","Y","","","","","","","","0","0","0","0","","1006.21","539.7","0","0","0","0","0","0","0","0","0","0","0","0","50.53","0","0","0","0","0","0","0","0","0","0","87.97","0","0","0","0","328.01","0","0","0","0","0","0","0","0","0","0","0"
"20","2015-10-31 11:09:05","4","fr","4","2","2","2","4","4","2","2","4","4","2","4","2","1","la science a pour premier objet de comprendre le monde ou nous vivons","4","4","3","3","4","4","1","3","3","3","4","4","Libre accés pour tous aux données de la connaissance","la Science ce sont les connaissances expérimentales validées

La Recherche c'est l'expérimentation valide","Karl Popper: théorie de la connaissance

pas de Vérité scientifique sans une théorie de la connaissance préalable","3","2","1","3","4","Le financement public doit être voté par des représentants élus démocratiquement

Ce financement doit être attribué a des projets contractuels de durée limitée et évalués à leur isue","4","4","4","1","Les données scientifiques doivent être en libre accès pour tous et vérifiables
(données brutes accessibles)
Les formats doivent être ouverts","2","2","4","4","2","3","2","1","2","2","4","","","","","Y","","","","Libre accès","","2","","","","","","","","","","","","","","","","","","","","","","","accès","libre","w3c","TBL","1","""open"" ce n'est pas, à mon avis, équivalent de ""libre"" ou ""ouvert"" (""free"")","","","","","","","","","","","","","","","","","","","","","4","1","1","2","1","2","2","2","2","1","2","1","1","2","2","2","2","1","2","2","1","2","django python 3
probléme pour intégrer Sparql","5","uniquemet logiciles libres (Debian, Latex, Emacs, Gimp, etc ..)","4","3","3","","","","","","Y","Debian","","","","","","","","","","","1","1","","","Problème des données anonymisées issues des ""consentements éclairés"" permettant des études cliniques, financées par le public, mais revendues à des éditeurs moyennant un rétribution, ce qui ne permet plus un accès libre aux données","3541.11","1232.7","0","0","0","0","0","0","0","0","0","0","0","0","67.03","0","0","0","0","0","0","0","0","0","0","1736.96","0","0","0","0","504.42","0","0","0","0","0","0","0","0","0","0","0"
"21","2015-11-01 13:26:15","4","fr","4","4","1","4","4","4","4","4","4","4","4","4","4","0","la science est assez bien partagée mais pas la technologie.doit on faire la difference entre les deux.","4","4","2","1","4","4","4","0","4","4","0","4","il n'éxiste pas à mon avis d'étude immorale.par contre il peut éxister des études études inutiles qui ne sont que perte de temps et d'argent.","la science en tant que connaissance et  savoir et le résultat d'une démarche qui nécéssite en ces temps actuels de longs programmes de recherche souvent très couteux.","tout les chercheurs en sciences fondamentales.","1","4","1","1","1","la politique de recherche dépend des moyens et surtout des intérêts des états.On a cessé depuis longtemps a penser à l'humanité, même si les discours assurent le contraire.désolé!","4","1","0","4","la langue ainsi que le contexte culturelle peuvent être à l'origine de grands progrès.L'arabe a eu ses heures de gloire, aujourd'hui l'anglais et le français sont incontournables.","4","4","4","4","4","4","4","4","4","4","4","","","","","","","","Y","","","2","","","","","","","","","","","","","","","","","","","","","","","humain","partage","progrés","paix","2","idem, du moment que cela veut dire la même chose.vos questions sont bizarre :)","","","","","","","","","","","","","","","","","","","","L'internet est la meilleur chance de voir se developer une réelle open science avec un mode collaboratif et communautaire à grande échelle au niveau planétaire.les linuxiens(open source et logiciel libre) sont un bon exemple.","2","1","1","2","0","0","0","0","0","0","0","2","0","0","0","0","0","0","0","0","1","0","","3","","4","1","1","","Y","","","","Y","","Y","","Y","","","","","","","","0","0","0","0","","4943.67","3595.52","0","0","0","0","0","0","0","0","0","0","0","0","80.75","0","0","0","0","0","0","0","0","0","0","706.91","0","0","0","0","560.49","0","0","0","0","0","0","0","0","0","0","0"
"22","2015-11-02 15:03:44","4","fr","4","3","3","3","2","2","2","4","4","4","3","4","4","3","","4","4","4","3","4","3","3","4","3","4","4","3","combativité","La science regroupe des connaissances reconnues par vraies et acquises.
La recherche sert à élaborer des connaissances qui seront reconnues grâce à la recherche vraies et acquises et entrer dans la science","JP Lachaux","3","4","2","3","2","","4","4","3","1","","4","4","4","3","4","2","3","4","2","3","4","","","","","","Y","Y","","","","2","","","","","","","","","","","","","","","","","","","","","","","partage des savoirs","accès libre","gratuit","recherche","1","","","","","","","","","","","","","","","","","","","","","","3","0","1","1","2","0","0","0","0","0","2","2","1","2","2","2","0","2","0","2","1","0","","4","","1","1","1","","Y","","","","","","Y","","Y","","","","","","","","0","4","0","0","","2261.33","1654.94","0","0","0","0","0","0","0","0","0","0","0","0","55.66","0","0","0","0","0","0","0","0","0","0","192.32","0","0","0","0","358.41","0","0","0","0","0","0","0","0","0","0","0"
"23","2015-11-02 19:40:22","4","fr","1","1","1","2","4","4","4","4","3","4","4","4","4","1","Non","4","4","4","4","4","4","4","4","4","4","4","4","Non","","Louis Pasteur","3","4","3","3","1","","4","4","4","1","","4","4","4","1","4","4","3","4","3","2","4","","Y","","","Y","","","","","","3","","Y","Comme les bibliothèques de l'IRD, Hinari","","","","","","","","","","","","","","","Y","","","","","collaboration","connaissance","partage","mutualisation","1","je suis francophone..","2","4","4","4","4","4","4","3","3","4","3","0","4","4","1","3","4","3","1","","4","1","1","0","0","0","0","0","0","0","0","0","1","0","0","0","0","0","0","2","2","0","","5","","1","1","1","","","","","","","","","","Y","","","","","","","","4","4","0","4","","1769.85","708.17","0","0","0","0","0","0","0","0","0","0","0","0","257.2","0","0","0","0","0","0","0","0","0","0","457.49","0","0","0","0","346.99","0","0","0","0","0","0","0","0","0","0","0"
"24","","2","fr","3","3","2","2","3","3","2","4","4","4","4","3","4","3","","4","4","4","4","4","4","3","4","4","4","4","4","","La science est l'ensemble de connaissance,d'études d'une valeur universelle, caractérisées par un objet et une méthode déterminés, et fondés sur des relations objectives vérifiables alors que la recherche est  l’ensemble des actions entreprises en vue de produire et de développer les connaissances scientifiques","Pr Françoise Barré-Sinoussi","4","3","1","2","2","","4","1","3","4","","4","4","4","3","4","4","3","4","4","3","4","","","","","","","","","","","","","","","","","","","","","","","","","","","","","","","","","","","","","","","","","","","","","","","","","","","","","","","","","","","","","","","","","","","","","","","","","","","","","","","","","","","","","","","","","","","","","","","","","","","","","","","","","","","","","","2439.91","2439.91","0","0","0","0","0","0","0","0","0","0","0","0","0","0","0","0","0","0","0","0","0","0","0","0","0","0","0","0","0","0","0","0","0","0","0","0","0","0","0","0"
"25","2015-11-03 09:44:02","4","fr","4","3","2","4","4","4","4","4","4","4","4","4","4","3","","4","3","4","3","4","4","4","4","3","4","4","3","L'humilité; le chercheur doit cultiver l'humilité","la recherche est un outil fondamental de la science","Marie Curie","4","3","1","1","4","","3","0","2","4","","4","4","4","4","4","4","3","4","4","4","4","","Y","Y","","","Y","","","","","3","","Y","Laboratoire","","","","","Y","","Y","","Y","","Y","","","","N","","","","","internet","par","scientifique","Recherche","2","","4","4","4","3","4","4","3","4","4","3","3","3","3","4","2","4","3","4","2","","4","2","1","1","2","0","2","2","2","2","2","1","1","2","1","2","2","2","2","1","1","2","","3","","3","2","3","","Y","","","","","","","","Y","","","","","","","","0","","","4","","2357.72","1294.59","0","0","0","0","0","0","0","0","0","0","0","0","310.88","0","0","0","0","0","0","0","0","0","0","371.79","0","0","0","0","380.46","0","0","0","0","0","0","0","0","0","0","0"
"26","2015-11-03 15:13:38","4","fr","4","3","3","3","4","4","4","4","4","4","4","4","4","2","","4","4","4","3","4","4","4","4","4","4","4","4","","La science est plus large que la recherche : elle comprend à la fois la recherche et son application.","Cédric Villani","3","3","1","3","4","","3","4","4","3","","4","2","4","1","2","4","4","1","2","3","4","","","","","","","Y","","","","2","","","","","","","","","","","","","","","","","","","","","","","accès pour tous","gratuité","participation","partage","2","open science, open access","","","","","","","","","","","","","","","","","","","","","4","2","1","1","2","2","2","2","2","2","2","1","1","1","1","2","2","2","2","2","1","2","","5","","4","1","4","","","","","","","","Y","","Y","","","","","","","","0","0","0","0","","715.1","414.72","0","0","0","0","0","0","0","0","0","0","0","0","36.57","0","0","0","0","0","0","0","0","0","0","99.78","0","0","0","0","164.03","0","0","0","0","0","0","0","0","0","0","0"
"27","2015-11-06 04:51:28","4","fr","3","1","2","1","1","4","3","3","2","3","3","4","1","2","Non","4","4","4","3","4","4","4","4","3","4","4","4","","","Einstein","3","2","1","2","3","","3","2","4","3","","4","3","3","1","3","4","1","3","3","3","3","","Y","","","","","Y","","","","2","","","","","","","","","","","","","","","","","","","","","","","Resultats de recherches scientifique","Devraient être","Mis à la disposition de tous","Via l'Internet","2","C'est juste une domination de l'anglais.","","","","","","","","","","","","","","","","","","","","","3","2","1","1","0","0","0","0","0","0","0","2","0","0","0","0","0","0","0","0","1","0","","4","","2","1","1","","","","","","","","Y","","Y","","","","","","","","0","0","0","4","","911.55","463.73","0","0","0","0","0","0","0","0","0","0","0","0","66.59","0","0","0","0","0","0","0","0","0","0","153.41","0","0","0","0","227.82","0","0","0","0","0","0","0","0","0","0","0"
"28","2015-11-06 17:21:25","4","fr","4","3","3","3","4","4","4","3","4","4","4","4","4","3","","4","4","4","3","4","4","3","3","4","4","3","3","","","Jules A. Hoffmann","3","3","1","1","1","","4","3","3","3","","4","4","4","4","3","4","3","4","4","1","4","","Y","","","","","","","","","3","","Y","","","","","","","","","","Y","","","","","","Y","","","","","partage","interaction","évaluation","gratuité","2","","4","4","4","3","3","4","3","3","3","3","3","3","3","0","2","3","3","4","3","","4","2","1","1","2","2","2","2","2","2","2","1","2","2","1","2","2","2","2","1","1","2","","5","","3","2","2","","","","Y","","","","","","Y","","","","","","","","0","0","0","1","","999.64","598.23","0","0","0","0","0","0","0","0","0","0","0","0","51.92","0","0","0","0","0","0","0","0","0","0","174.5","0","0","0","0","174.99","0","0","0","0","0","0","0","0","0","0","0"
"29","2015-11-09 11:55:04","4","fr","3","1","2","2","1","4","3","4","4","4","4","4","2","4","La bien-etre de l'humanité devrait etre la priorité de tout chercheur.","4","4","4","4","4","4","4","4","4","4","1","4","","la recherche est la base de la science","Edward Jenner car sa découverte de la vaccination a permis de sauver un nombre de personnes si important qu'aucun médecin ne réussira à sauver pendant toute une carrière","4","3","1","1","4","Le financement est capital pour mener à bien un travail de recherche. Bon nombre de chercheurs du sud sont confrontés au manque de ressources financières, d'infrastructures et de logistiques.","4","1","1","1","Certes il est préférable de publier en Anglais pour être lu par un grand nombre de chercheurs. En occurrence,  les francophones devraient cesser de   penser que les meilleurs articles sont écrits en Anglais","4","4","4","3","4","4","4","4","4","3","4","les chercheurs des pays du Nord doivent s’intéresser aux problèmes qui minent l'humanité, quelque soit sa localisation.","","Y","","","","","","","","1","","","","","","","","","","","","","","","","","","","","","","","ouverte","transparente","collaborative","participative","1","Juste parce que je suis plus à l'aise avec le français","","","","","","","","","","","","","","","","","","","","","3","1","1","2","0","0","2","2","0","0","2","1","2","0","0","2","2","2","2","2","1","0","","5","","1","1","1","","","","","","","","","","Y","","","","","","","","0","0","0","0","","7765.81","6240.57","0","0","0","0","0","0","0","0","0","0","0","0","307.19","0","0","0","0","0","0","0","0","0","0","742.72","0","0","0","0","475.33","0","0","0","0","0","0","0","0","0","0","0"
"30","2015-11-10 12:55:52","4","fr","0","3","3","3","3","3","2","0","0","0","4","4","0","4","","4","4","4","3","4","4","4","4","4","4","4","4","ETHIQUE","La SCIENCE c'est le partage des connaissances trouvées grâce à la RECHERCHE","PASTEUR / CURIE","4","4","2","2","4","DIFFICILE DE TROUVER DES FINANCEMENTS EN RAISON DE LA PROBLEMATIQUE DES CONFLITS D'INTERETS","4","4","3","4","OUBLIER DANS SA LANGUE EST IMPORTANT POUR LE PUBLIC CEPENDANT POUR ETRE RECONNU PAR SES PAIRS IL FAUT PUBLIER EN ANGLAIS","3","3","0","4","3","3","0","4","4","0","4","","Y","","","","Y","","","","","2","","","","","","","","","","","","","","","","","","","","","","","ACCESSIBLE","GRATUITE","DIVERSIFIEE","COMPREHENSIBLE","2","","","","","","","","","","","","","","","","","","","","","","2","2","1","2","2","2","2","2","2","2","2","2","2","2","2","2","2","2","2","2","2","2","","3","","2","1","2","","Y","","","","","","Y","","Y","","","","","","","","4","0","0","0","","1034.39","602.09","0","0","0","0","0","0","0","0","0","0","0","0","57.22","0","0","0","0","0","0","0","0","0","0","150.16","0","0","0","0","224.92","0","0","0","0","0","0","0","0","0","0","0"
"31","2015-11-10 21:02:25","4","fr","3","4","2","3","3","4","3","4","4","4","4","3","4","3","","4","4","4","4","4","4","4","4","4","4","3","4","","la science est l'ensemble  de connaissances, d'études d'une valeur universelle, caractérisées par un objet et une méthode déterminés, et fondés sur des relations objectives vérifiables alors que la recherche est l'ensemble des actions entreprises en vue de produire et de développer les connaissances scientifiques","Pr Françoise Barre-Sinoussi","4","2","2","1","4","","4","2","3","1","","4","4","4","3","3","3","3","4","4","3","4","","","","","","","Y","","","","2","","","","","","","","","","","","","","","","","","","","","","","recherche","science","internet","libre accès","2","","","","","","","","","","","","","","","","","","","","","","2","2","1","1","2","2","2","2","2","2","2","1","2","2","2","2","2","2","2","2","1","2","non","2","non","1","1","1","","","","","","","","","","Y","","","","","","","","0","0","0","0","","2207.94","1293.84","0","0","0","0","0","0","0","0","0","0","0","0","50.98","0","0","0","0","0","0","0","0","0","0","483.51","0","0","0","0","379.61","0","0","0","0","0","0","0","0","0","0","0"
"32","2015-11-11 11:10:24","4","fr","4","1","1","1","3","4","4","3","4","4","4","4","4","1","","3","4","3","3","4","4","3","4","4","3","4","4","Utilité pour qui ? Originalité et objectivité très subjectif !","Recherche = méthode au service de la science, qui permet de faire évoluer la science","Pierre Gilles De Genes","4","1","1","3","3","Cela dépend de l'objectif de la recherche... et à qui elle profite ...","4","3","3","3","La maîtrise de l'anglais est indispensable mais demeure une problème (notamment pour ma part) - Ecrire dans sa propre langue permet de se faire comprendre, de mieux faire passer ce que l'on veut dire, sachant que le rayonnement de la connaissance commence par le cercle proche ...Cependant, nul n'est prophète en son pays ...","4","3","4","3","3","0","1","3","0","3","3","La première affirmation sur le nombre de femmes est sans objet, c'est comme la parité en politique, ce n'est pas une question de sexe mais de compétence !","","","","","","Y","Y","","","1","","","","","","","","","","","","","","","","","","","","","","","partage","collaboration","accès","gratuité","2","je n'avais entendu que le terme anglais. cela me fait penser à open bar (terme avec lequel je suis beaucoup plus familière ...)","","","","","","","","","","","","","","","","","","","","","1","0","","","","","","","","","","","","","","","","","","","","","","2","","1","1","1","","","","","","","","","","Y","","","","","","","","","","","","","1792.21","1475.06","0","0","0","0","0","0","0","0","0","0","0","0","55.36","0","0","0","0","0","0","0","0","0","0","174.71","0","0","0","0","87.08","0","0","0","0","0","0","0","0","0","0","0"
"33","","3","fr","2","2","3","2","1","1","3","3","3","3","2","2","3","3","","4","4","3","1","4","4","3","3","4","3","2","4","Ethique","Science : ce que l'on sait
recherche : ce que l'on veut savoir","Shinya Yamanaka","2","1","3","1","1","","3","3","3","2","","0","0","0","0","4","0","0","2","4","4","3","","","Y","","","","","","accès libre","","1","","","","","","","","","","","","","","","","","","","","","","","partage","facilité d'accès","internet","lisibilité","1","","","","","","","","","","","","","","","","","","","","","","","","","","","","","","","","","","","","","","","","","","","","","","","","","","","","","","","","","","","","","","","","","","","","","","","","1500.68","985.42","0","0","0","0","0","0","0","0","0","0","0","0","241.26","0","0","0","0","0","0","0","0","0","0","274","0","0","0","0","0","0","0","0","0","0","0","0","0","0","0","0"
"34","2015-11-12 11:47:52","4","fr","3","2","2","2","3","4","2","4","4","4","4","4","4","3","","4","4","4","4","4","4","4","4","4","4","4","4","","","Pasteur","4","2","2","2","2","","4","1","3","1","","4","4","4","0","4","2","0","0","4","1","4","","","","","","","Y","","","","1","","","","","","","","","","","","","","","","","","","","","","","Transparence","Partage","?","?","1","","","","","","","","","","","","","","","","","","","","","","1","2","","","","","","","","","","","","","","","","","","","","","","1","","1","1","1","","","","","","","","","","Y","","","","","","","","","","","","","470.67","283.94","0","0","0","0","0","0","0","0","0","0","0","0","63.4","0","0","0","0","0","0","0","0","0","0","75.91","0","0","0","0","47.42","0","0","0","0","0","0","0","0","0","0","0"
"35","2015-11-13 10:36:43","4","fr","2","3","3","2","2","2","2","3","3","3","3","2","3","3","","4","4","3","2","4","4","3","4","4","3","1","4","ethique","Science : ce que l'on sait.
Recherche : ce que l'on veut savoir.","Shinya Yamanaka","1","2","4","1","1","","3","4","4","1","","0","0","0","0","4","0","0","2","4","3","4","","","Y","","","","","","Accès libre et facile","","2","","","","","","","","","","","","","","","","","","","","","","","accessibilité","partage","facilité","internet","1","","","","","","","","","","","","","","","","","","","","","","2","2","2","2","2","2","2","2","2","2","2","2","2","2","1","2","2","2","2","2","1","2","","2","","1","1","1","","","","","","","","","","Y","","","","","","","","3","3","0","0","","2441.09","2032.92","0","0","0","0","0","0","0","0","0","0","0","0","43.49","0","0","0","0","0","0","0","0","0","0","151.94","0","0","0","0","212.74","0","0","0","0","0","0","0","0","0","0","0"
"36","2015-11-16 09:40:05","4","fr","4","4","3","3","3","4","3","3","4","4","4","4","3","2","","4","4","4","3","4","4","3","4","4","3","3","4","","La science est l'outil de la recherche. La recherche a besoin de bases scientifiques pour répondre a ses questions.","Le Dr Shinya Yamanaka pour ses travaux sur les cellules souches et la reprogrammation.","4","4","1","2","2","Je trouve difficile de développer une collaboration, un partage entre chercheurs quand les financements font l'objet d'une bataille entre eux.","4","3","2","4","","3","4","4","0","4","3","3","3","3","0","4","","Y","","","","","Y","","","Le numérique a permit à une majorité de gens d’accéder aux sujets plus pointus dans plusieurs domaine dont la science ; mais aussi aux bases, rependant mieux ses notions.","2","","","","","","","","","","","","","","","","","","","","","","","partage","collaboration","gratuit","vitesse","2","J'ai découvert ce principe sous son nom anglais et depuis je l'utilise ainsi (comme ""week-end"").","","","","","","","","","","","","","","","","","","","","La meilleure publicité qu'on puisse faire de l'open science est la mise en commun de savoirs pour éradiquer des épidémies.","2","2","1","2","2","2","2","2","1","2","2","1","1","2","2","2","0","2","2","2","2","2","","2","","2","2","1","","Y","Windows seven","","","","","Y","Libre Office","","","","","","","","","4","0","0","4","","2142.83","859.55","0","0","0","0","0","0","0","0","0","0","0","0","369.39","0","0","0","0","0","0","0","0","0","0","437.99","0","0","0","0","475.9","0","0","0","0","0","0","0","0","0","0","0"
"37","","2","fr","4","2","1","1","3","2","2","3","4","4","4","3","4","1","","4","3","3","3","4","4","1","4","4","3","4","4","","La recherche est la science en train de se faire","","","","","","","","","","","","","","","","","","","","","","","","","","","","","","","","","","","","","","","","","","","","","","","","","","","","","","","","","","","","","","","","","","","","","","","","","","","","","","","","","","","","","","","","","","","","","","","","","","","","","","","","","","","","","","","","","","","","","","","","","","","","","","","","","","","","","627.49","627.49","0","0","0","0","0","0","0","0","0","0","0","0","0","0","0","0","0","0","0","0","0","0","0","0","0","0","0","0","0","0","0","0","0","0","0","0","0","0","0","0"
"38","2015-11-17 11:42:33","4","fr","4","1","1","1","3","3","3","2","4","4","3","4","1","1","","2","4","3","2","4","3","3","4","2","3","3","3","Responsabilité","La recherche vise l'acquisition de nouvelles connaissances là où la science peut se suffire de l'utilisation de connaissances préalables.","Jacques Testart","4","2","1","2","3","","3","3","4","3","","4","2","4","3","2","3","3","1","2","2","4","","Y","Y","","","","","","","","3","","","","","","","","","","Y","","Y","","","","","","Y","","","la collection PLoS.
le site PubPeer.","","libre","gratiut","transparent","participatif","2","","4","3","4","3","4","3","2","4","2","1","2","2","2","2","3","4","3","4","2","","4","2","1","1","2","2","2","2","2","2","2","1","1","2","1","2","2","1","2","1","1","2","","5","","3","3","3","","Y","","","","","","","","Y","","","","","","","","4","0","4","1","","817","359.42","0","0","0","0","0","0","0","0","0","0","0","0","162.37","0","0","0","0","0","0","0","0","0","0","103.77","0","0","0","0","191.44","0","0","0","0","0","0","0","0","0","0","0"
"39","","2","fr","0","4","0","0","0","4","0","0","4","4","0","4","4","4","","4","4","4","4","4","4","4","0","4","0","0","0","","La science c une etude des mhenomenes natuelles,humaines ou formelled  permetant de resourdre des problemes diverses dans le monde alors que la recherche est un proceesus dynamique ou une demarcche rationnelle quibpermet d'examiner les les pronlemes et phenomene a resourdré et dobtenitr les reponses precise a partir dinvestigation","Paul FEYERABEND
POINCARÉ FLAMMARION","4","4","1","0","4","","4","0","0","0","","4","4","4","4","4","4","0","0","0","0","0","","","","","","","","","","","","","","","","","","","","","","","","","","","","","","","","","","","","","","","","","","","","","","","","","","","","","","","","","","","","","","","","","","","","","","","","","","","","","","","","","","","","","","","","","","","","","","","","","","","","","","","","","","","","","","1078.49","1078.49","0","0","0","0","0","0","0","0","0","0","0","0","0","0","0","0","0","0","0","0","0","0","0","0","0","0","0","0","0","0","0","0","0","0","0","0","0","0","0","0"
"40","","2","fr","0","4","0","0","4","4","4","4","4","4","4","4","4","4","","4","4","4","4","2","0","4","0","4","0","4","4","","La science c'est l'etude des phenomenes naturels, humaines,formels indispensable pour resourdre des problemes des societe mondialisé alirs que la recherche c un orocessus dynamique ou une demrche rationnelle qui permet d'examiner les phenomenes,des problemes a resourdre et d'obtenir des reponses precises a partir d'investigation","PUL FEYERABEND(1924-1994
POINCARÉ FLAMMARION","4","1","1","0","4","","3","0","0","0","","4","4","4","0","4","4","0","0","3","0","4","","","Y","","","","","","","","4","","","","","","","","Y","","","","","","","","","","Y","","","","","","","","","","","","","","","","","","","","","","","","","","","","","","","","","","","","","","","","","","","","","","","","","","","","","","","","","","","","","","","","","","","","","","","","","","","","","","","","","1020.17","915.43","0","0","0","0","0","0","0","0","0","0","0","0","104.74","0","0","0","0","0","0","0","0","0","0","0","0","0","0","0","0","0","0","0","0","0","0","0","0","0","0","0"
"41","","2","fr","0","4","4","4","4","4","4","4","4","4","4","4","4","4","","4","4","4","3","4","4","4","4","4","4","4","4","","","","","","","","","","","","","","","","","","","","","","","","","","","","","","","","","","","","","","","","","","","","","","","","","","","","","","","","","","","","","","","","","","","","","","","","","","","","","","","","","","","","","","","","","","","","","","","","","","","","","","","","","","","","","","","","","","","","","","","","","","","","","","","","","","","","","","","269.55","269.55","0","0","0","0","0","0","0","0","0","0","0","0","0","0","0","0","0","0","0","0","0","0","0","0","0","0","0","0","0","0","0","0","0","0","0","0","0","0","0","0"
"42","2015-11-24 19:39:48","4","fr","4","2","4","2","4","4","3","4","4","4","4","3","4","3","","4","4","4","3","4","4","3","4","3","4","3","4","","La science c'est déjà ce que l'on sait, la recherche c'est ce que l'on fait pour en apprendre encore d'avantage.","Rosalind Franklin","4","3","2","3","4","","4","2","4","4","Je pense qu'en effet le + simple et le + utile pour sa propre recherche est d'écrire en anglais","4","3","4","4","4","4","4","3","4","4","4","","Y","","","","","","Y","","","2","","","","","","","","","","","","","","","","","","","","","","","Partage","Universel","Collaboration","transdisciplinarité","2","","","","","","","","","","","","","","","","","","","","","","4","2","1","1","2","0","0","0","0","0","0","1","0","0","0","0","0","1","0","0","1","0","","4","","2","1","1","","Y","Windows 10","","","","","","","Y","","","","","","","","4","0","0","0","","2371.62","1674.24","0","0","0","0","0","0","0","0","0","0","0","0","52.2","0","0","0","0","0","0","0","0","0","0","466.39","0","0","0","0","178.79","0","0","0","0","0","0","0","0","0","0","0"
"43","","2","fr","4","3","3","3","4","4","4","2","4","4","4","4","3","2","","4","4","4","4","4","4","3","4","4","3","3","4","Indépendance vis-à-vis des intérêts financiers","La recherche est une activité visant la production de savoirs, la science est l'ensemble des savoirs accumulés au cours du temps.","Christopher Frith","4","1","1","3","4","","4","2","3","2","","4","3","4","3","3","3","4","2","3","2","4","","","","","","","","","","","","","","","","","","","","","","","","","","","","","","","","","","","","","","","","","","","","","","","","","","","","","","","","","","","","","","","","","","","","","","","","","","","","","","","","","","","","","","","","","","","","","","","","","","","","","","","","","","","","","","428.84","428.84","0","0","0","0","0","0","0","0","0","0","0","0","0","0","0","0","0","0","0","0","0","0","0","0","0","0","0","0","0","0","0","0","0","0","0","0","0","0","0","0"
"44","2015-11-28 21:07:16","4","fr","4","3","2","3","3","4","4","3","3","4","4","4","4","3","Eclairer les choix individuels","4","4","4","3","4","4","4","4","4","4","4","4","Participation au bien commun","La science relève de la connaissance, la recherche est la production de connaissances (savoir vs activité)","Françoise Héritier","4","4","1","1","3","Vos catégories de réponse sont non cohérentes. A mon avis tout dépend de quelle finalité on parle: la recherche fondamentale ou par exemple sur les maladies orphelines ne peut qu'être publique, la recherche pour la production industrielle devrait être financée par le privé.","4","4","4","3","Vos catégories sont difficiles à gérer. J'aurais répondu plus facilement à une question libellée ""ne publier que dans sa langue est un désavantage"". A mon sens on doit 'abord publier dans la langue de ceux qui peuvent utiliser les résultats de recherche, puis en anglais pour un accès universel (exemple: sur Ebola en Guinée publier d'abord en français pour que les médecins guinéens puissent en tenir compte, puis en anglais pour l'international). De plus cela dépend de l'objectif de la recherche (plus appliquée = de portée locale: langue locale, plus fondamentale = anglais)","4","3","3","4","4","3","3","0","4","2","4","Il y a des femmes dans la recherche; ce qu'il faut augmenter c'est la proportion de directrices (de recherche, d'unités).","Y","","","","","","","","","2","","","","","","","","","","","","","","","","","","","","","","","partage","collectif","participation","risque","2","pareil","","","","","","","","","","","","","","","","","","","","en ligne","3","2","1","1","2","2","2","1","1","2","2","1","1","2","1","2","1","1","2","1","2","2","Outil en ligne collectif d'analyse thématique de données qualitatives Dedoose, ce qui permet de travailler en équipe sur des données mais ne relève pas de l'Open Science","4","Indiepsnable pour ravailler en équipe.","2","1","2","","","","Y","","","","","","Y","","","","","","","","4","4","4","1","Partage de diapos pour l'enseignement en licence avec restriction","1667.24","851.62","0","0","0","0","0","0","0","0","0","0","0","0","207.2","0","0","0","0","0","0","0","0","0","0","265.17","0","0","0","0","343.25","0","0","0","0","0","0","0","0","0","0","0"
"47","2015-12-07 18:55:20","4","fr","4","4","3","4","4","4","3","4","4","3","4","3","3","3","","3","4","3","3","4","4","2","3","3","3","4","3","","la recherche vise à expliquer les éléments qui composent la science, c'est-à-dire permet de remettre sans cesse en cause la definition de la scicence.","Gael Pressoir","3","4","2","1","3","","3","3","4","2","","4","4","4","4","4","4","4","2","4","3","4","","","","","","","","","","","","","","","","","","","","","","","","","","","","","","","","","","partage","indépendance","éthique","professionnalisme","1","","","","","","","","","","","","","","","","","","","","","","2","2","1","1","2","2","2","2","2","1","2","2","2","1","1","2","2","1","2","2","1","2","","4","","4","3","3","","","","","","Y","","Y","","","","","","","","","","2","0","2","0","","4797.75","2823.86","0","0","0","0","0","0","0","0","0","0","0","0","1286.4","0","0","0","0","0","0","0","0","0","0","321.4","0","0","0","0","366.09","0","0","0","0","0","0","0","0","0","0","0"
"48","2015-12-20 19:08:56","4","fr","4","1","1","1","2","3","1","2","4","4","1","4","4","1","","4","4","3","4","4","4","2","4","3","3","4","4","","La recherche c'est la science en cours de construction en train de se faire
La science représente l'ensemble des connaissances consolidées à un moment donné mais qui peut être remise en cause par la suite par de nouvelles recherches.","Françoise Barré-Sinoussi","3","3","1","3","4","","4","2","4","4","","4","4","3","3","4","0","3","4","4","2","4","","Y","Y","","","","","","","","3","","Y","","","","Y","","","","","","Y","","","","","","Y","","Stevan Harnad
Bernard Rentier
Aaron Swartz","Archives ouvertes
Epirevues
Open data
Licences creatives commons
Réseaux sociaux de la recherche","","Libre accès","Responsable","Participatif","Crowdsourcing","2","","4","4","4","4","4","4","4","4","3","3","2","3","3","1","0","4","0","4","4","","2","2","1","1","2","2","2","2","2","2","2","1","1","2","1","2","1","1","2","1","2","2","","4","","3","2","4","","Y","","Y","","","","Y","","Y","","","","","","","","0","0","0","0","","2855.34","1599.95","0","0","0","0","0","0","0","0","0","0","0","0","522.27","0","0","0","0","0","0","0","0","0","0","331.48","0","0","0","0","401.64","0","0","0","0","0","0","0","0","0","0","0"
"49","2015-12-08 17:34:57","4","fr","4","4","4","3","2","4","4","4","3","4","4","4","4","2","NON","4","4","4","4","4","4","4","4","4","4","3","4","NON","la recherche et la science vont de pair","Eisnsten","4","2","1","3","4","non","3","3","3","2","non","3","3","3","1","4","3","3","4","4","4","3","non","Y","","","","","","","","non","3","non","","","","","","","","","","","","","","","MOOC","","Y","non","non","non","non","o","p","E","N","2","ça reflétè plus la réalité","4","4","4","4","4","4","4","4","4","4","4","4","4","4","4","4","0","4","4","","3","0","1","2","2","2","2","2","2","2","2","2","2","2","2","2","2","2","2","2","2","2","non","3","non","2","2","2","non","","","","","","","","","Y","","","","","","","","0","0","0","0","non","5291.15","805.02","0","0","0","0","0","0","0","0","0","0","0","0","281.41","0","0","0","0","0","0","0","0","0","0","3879.45","0","0","0","0","325.27","0","0","0","0","0","0","0","0","0","0","0"
"50","2015-12-09 12:18:05","4","fr","4","2","1","2","4","4","4","3","3","4","4","4","4","2","","4","4","3","3","4","4","3","4","3","4","1","4","","","Louis Pasteur","3","4","3","1","2","","3","4","3","2","","3","0","3","0","3","4","3","3","3","0","0","","Y","","","","Y","","","","","2","","","","","","","","","","","","","","","","","","","","","","","accessiblité","transparence","collaboration","partage","2","","","","","","","","","","","","","","","","","","","","","","3","0","1","2","2","2","2","2","2","2","2","2","2","1","2","2","0","1","2","1","1","0","","3","","2","1","1","","Y","","Y","","","","Y","","Y","","","","","","","","0","0","0","0","","1055.25","673.22","0","0","0","0","0","0","0","0","0","0","0","0","26.31","0","0","0","0","0","0","0","0","0","0","48.7","0","0","0","0","307.02","0","0","0","0","0","0","0","0","0","0","0"
